<edmx:Edmx xmlns:edmx="http://schemas.microsoft.com/ado/2007/06/edmx"
	xmlns:m="http://schemas.microsoft.com/ado/2007/08/dataservices/metadata" xmlns:sap="http://www.sap.com/Protocols/SAPData" Version="1.0">
	<edmx:DataServices m:DataServiceVersion="2.0">
		<Schema xmlns="http://schemas.microsoft.com/ado/2008/09/edm" Namespace="ZECNO_MLA_NEW_SRV" xml:lang="en" sap:schema-version="1">
			<EntityType Name="Hearder" sap:content-version="1">
				<Key><PropertyRef Name="Purchasedocnumber"/></Key><Property Name="Purchasedocnumber" Type="Edm.String" Nullable="false" MaxLength="10" sap:unicode="false" sap:label="Purchasing Doc."
					sap:creatable="false" sap:updatable="false" sap:sortable="false" sap:filterable="false"/><Property Name="Companycode" Type="Edm.String" Nullable="false" MaxLength="4" sap:unicode="false" sap:label="Company Code"
					sap:creatable="false" sap:updatable="false" sap:sortable="false" sap:filterable="false"/><Property Name="Purchasingdoctype" Type="Edm.String" Nullable="false" MaxLength="4" sap:unicode="false" sap:label="Order Type"
					sap:creatable="false" sap:updatable="false" sap:sortable="false" sap:filterable="false"/><Property Name="Vendor" Type="Edm.String" Nullable="false" MaxLength="10" sap:unicode="false" sap:label="Vendor" sap:creatable="false"
					sap:updatable="false" sap:sortable="false" sap:filterable="false"/><Property Name="Purchaseorg" Type="Edm.String" Nullable="false" MaxLength="4" sap:unicode="false" sap:label="Purchasing org."
					sap:creatable="false" sap:updatable="false" sap:sortable="false" sap:filterable="false"/><Property Name="Purchasinggroup" Type="Edm.String" Nullable="false" MaxLength="3" sap:unicode="false" sap:label="Purch. Group"
					sap:creatable="false" sap:updatable="false" sap:sortable="false" sap:filterable="false"/><Property Name="Currency" Type="Edm.String" Nullable="false" MaxLength="5" sap:unicode="false" sap:label="Currency" sap:creatable="false"
					sap:updatable="false" sap:sortable="false" sap:filterable="false" sap:semantics="currency-code"/><Property Name="Targetvalue" Type="Edm.Decimal" Nullable="false" Precision="16" Scale="3" sap:unicode="false" sap:label="Target Value"
					sap:creatable="false" sap:updatable="false" sap:sortable="false" sap:filterable="false"/><Property Name="Validatystartdate" Type="Edm.DateTime" Nullable="false" Precision="7" sap:unicode="false" sap:label="Validity Start"
					sap:creatable="false" sap:updatable="false" sap:sortable="false" sap:filterable="false"/><Property Name="Validatyenddate" Type="Edm.DateTime" Nullable="false" Precision="7" sap:unicode="false" sap:label="Validity End"
					sap:creatable="false" sap:updatable="false" sap:sortable="false" sap:filterable="false"/><Property Name="Typeoflease" Type="Edm.String" Nullable="false" MaxLength="2" sap:unicode="false" sap:label="Lease Type"
					sap:creatable="false" sap:updatable="false" sap:sortable="false" sap:filterable="false"/><Property Name="Agreementdate" Type="Edm.String" MaxLength="10" sap:unicode="false" sap:label="Created on" sap:creatable="false"
					sap:updatable="false" sap:sortable="false" sap:filterable="false"/><Property Name="Penalty" Type="Edm.String" MaxLength="1" sap:unicode="false" sap:label="Penalty Clause" sap:creatable="false"
					sap:updatable="false" sap:sortable="false" sap:filterable="false"/><NavigationProperty Name="HEADERTOITEM" Relationship="ZECNO_MLA_NEW_SRV.HEADERTOITEM" FromRole="FromRole_HEADERTOITEM"
					ToRole="ToRole_HEADERTOITEM"/></EntityType>
			<EntityType Name="item" sap:content-version="1">
				<Key><PropertyRef Name="Purchasedocnumber"/></Key><Property Name="Item" Type="Edm.String" Nullable="false" MaxLength="5" sap:unicode="false" sap:label="Item" sap:creatable="false"
					sap:updatable="false" sap:sortable="false" sap:filterable="false"/><Property Name="Material" Type="Edm.String" Nullable="false" MaxLength="40" sap:unicode="false" sap:label="Material" sap:creatable="false"
					sap:updatable="false" sap:sortable="false" sap:filterable="false"/><Property Name="Shortetxt" Type="Edm.String" Nullable="false" MaxLength="40" sap:unicode="false" sap:label="Short Text"
					sap:creatable="false" sap:updatable="false" sap:sortable="false" sap:filterable="false"/><Property Name="Materialgroup" Type="Edm.String" Nullable="false" MaxLength="9" sap:unicode="false" sap:label="Material Group"
					sap:creatable="false" sap:updatable="false" sap:sortable="false" sap:filterable="false"/><Property Name="Targetquantity" Type="Edm.Decimal" Nullable="false" Precision="13" Scale="3" sap:unicode="false" sap:label="Target Quantity"
					sap:creatable="false" sap:updatable="false" sap:sortable="false" sap:filterable="false"/><Property Name="Unit" Type="Edm.String" Nullable="false" MaxLength="3" sap:unicode="false" sap:label="Base Unit" sap:creatable="false"
					sap:updatable="false" sap:sortable="false" sap:filterable="false" sap:semantics="unit-of-measure"/><Property Name="Netprice" Type="Edm.Decimal" Nullable="false" Precision="12" Scale="3" sap:unicode="false" sap:label="Net Price"
					sap:creatable="false" sap:updatable="false" sap:sortable="false" sap:filterable="false"/><Property Name="Buyback" Type="Edm.String" Nullable="false" MaxLength="1" sap:unicode="false" sap:label="Buy Back" sap:creatable="false"
					sap:updatable="false" sap:sortable="false" sap:filterable="false"/><Property Name="Assettype" Type="Edm.String" Nullable="false" MaxLength="2" sap:unicode="false" sap:label="Lease Asset Type"
					sap:creatable="false" sap:updatable="false" sap:sortable="false" sap:filterable="false"/><Property Name="Purchasedocnumber" Type="Edm.String" Nullable="false" MaxLength="10" sap:unicode="false" sap:label="Purchasing Doc."
					sap:creatable="false" sap:updatable="false" sap:sortable="false" sap:filterable="false"/></EntityType>
			<Association Name="HEADERTOITEM" sap:content-version="1"><End Type="ZECNO_MLA_NEW_SRV.Hearder" Multiplicity="1" Role="FromRole_HEADERTOITEM"/><End Type="ZECNO_MLA_NEW_SRV.item" Multiplicity="*" Role="ToRole_HEADERTOITEM"/>
				<ReferentialConstraint>
					<Principal Role="FromRole_HEADERTOITEM"><PropertyRef Name="Purchasedocnumber"/></Principal>
					<Dependent Role="ToRole_HEADERTOITEM"><PropertyRef Name="Purchasedocnumber"/></Dependent>
				</ReferentialConstraint>
			</Association>
			<EntityContainer Name="ZECNO_MLA_NEW_SRV_Entities" m:IsDefaultEntityContainer="true" sap:supported-formats="atom json xlsx"><EntitySet Name="HearderSet" EntityType="ZECNO_MLA_NEW_SRV.Hearder" sap:creatable="false" sap:updatable="false" sap:deletable="false"
				sap:pageable="false" sap:content-version="1"/><EntitySet Name="itemSet" EntityType="ZECNO_MLA_NEW_SRV.item" sap:creatable="false" sap:updatable="false" sap:deletable="false"
				sap:pageable="false" sap:content-version="1"/>
				<AssociationSet Name="headertoitem" Association="ZECNO_MLA_NEW_SRV.HEADERTOITEM" sap:creatable="false" sap:updatable="false"
					sap:deletable="false" sap:content-version="1"><End EntitySet="HearderSet" Role="FromRole_HEADERTOITEM"/><End EntitySet="itemSet" Role="ToRole_HEADERTOITEM"/></AssociationSet>
			</EntityContainer><atom:link xmlns:atom="http://www.w3.org/2005/Atom" rel="self" href="http://s48:8005/sap/opu/odata/sap/ZECNO_MLA_NEW_SRV/$metadata"/><atom:link xmlns:atom="http://www.w3.org/2005/Atom" rel="latest-version"
				href="http://s48:8005/sap/opu/odata/sap/ZECNO_MLA_NEW_SRV/$metadata"/></Schema>
	</edmx:DataServices>
</edmx:Edmx>